{"chunk_definitions":[{"row":17,"row_count":1,"visible":true,"expansion_state":0,"options":{"engine":"r","label":"load-libraries","warning":false,"message":false,"echo":false},"document_id":"B7181CCF","chunk_id":"cbtgd4diysz7e","chunk_label":"load-libraries"},{"row":220,"row_count":1,"visible":true,"expansion_state":0,"options":{"engine":"r","label":"load_animal_rescue_data","warning":false,"message":false},"document_id":"B7181CCF","chunk_id":"c6o10802chq2h","chunk_label":"load_animal_rescue_data"},{"row":232,"row_count":1,"visible":true,"expansion_state":0,"options":{"engine":"r","label":"instances_by_calendar_year"},"document_id":"B7181CCF","chunk_id":"cl410ht3391do","chunk_label":"unnamed-chunk-5"},{"row":260,"row_count":1,"visible":true,"expansion_state":0,"options":{"engine":"r","label":"unnamed-chunk-8"},"document_id":"B7181CCF","chunk_id":"cvfwmvtchgwkf","chunk_label":"unnamed-chunk-6"},{"row":290,"row_count":1,"visible":true,"expansion_state":0,"options":{"engine":"r","label":"parse_incident_cost"},"document_id":"B7181CCF","chunk_id":"cbsmumkyu3g6f","chunk_label":"unnamed-chunk-7"},{"row":344,"row_count":1,"visible":true,"expansion_state":0,"options":{"engine":"r","label":"plots_on_incident_cost_by_animal_group","message":false,"warning":false},"document_id":"B7181CCF","chunk_id":"cxuhu2oknhqwh","chunk_label":"unnamed-chunk-9"}],"doc_write_time":1625394303,"chunk_rendered_width":700}