{"chunk_definitions":[{"row":17,"row_count":1,"visible":true,"expansion_state":0,"options":{"engine":"r","label":"load-libraries","warning":false,"message":false,"echo":false},"document_id":"A4697AFF","chunk_id":"crzuv6b1ux483","chunk_label":"load-libraries"},{"row":221,"row_count":1,"visible":true,"expansion_state":0,"options":{"engine":"r","label":"load_animal_rescue_data","warning":false,"message":false},"document_id":"A4697AFF","chunk_id":"cp1mcfo0x5g13","chunk_label":"load_animal_rescue_data"}],"doc_write_time":1627293153}