"0",""
"0","url <- ""https://data.london.gov.uk/download/animal-rescue-incidents-attended-by-lfb/8a7d91c2-9aec-4bde-937a-3998f4717cd8/Animal%20Rescue%20incidents%20attended%20by%20LFB%20from%20Jan%202009.csv"""
"0",""
"0","animal_rescue <- read_csv(url,"
"0","                          locale = locale(encoding = ""CP1252"")) %>% "
"0","  janitor::clean_names()"
"1","[1m[1mRows: [1m[22m[34m[34m7684[34m[39m [1m[1mColumns: [1m[22m[34m[34m31[34m[39m
"
"1","[36m--[39m [1m[1mColumn specification[1m[22m [36m--------------------------------------------------------------------------------------------------------------------[39m
[1mDelimiter:[22m "",""
[31mchr[39m (27): IncidentNumber, DateTimeOfCall, FinYear, TypeOfIncident, PumpCount, PumpHoursTotal, IncidentNotionalCost(£), FinalDescription,...
[32mdbl[39m  (4): CalYear, HourlyNotionalCost(£), Easting_rounded, Northing_rounded
"
"1","
[36mi[39m Use [38;5;235m[48;5;253m[38;5;235m[48;5;253m`spec()`[48;5;253m[38;5;235m[49m[39m to retrieve the full column specification for this data.
[36mi[39m Specify the column types or set [38;5;235m[48;5;253m[38;5;235m[48;5;253m`show_col_types = FALSE`[48;5;253m[38;5;235m[49m[39m to quiet this message.
"
"0","glimpse(animal_rescue)"
"1","Rows: 7,684"
"1",""
"1","
"
"1","Columns: 31"
"1",""
"1","
"
"1","$ incident_number               [3m[38;5;246m<chr>[39m[23m ""139091"", ""275091"", ""2075091"", ""2872091"", ""3553091"", ""3742091"", ""4011091"", ""4211091"", ""4306091"", ""47~
$ date_time_of_call             [3m[38;5;246m<chr>[39m[23m ""01/01/2009 03:01"", ""01/01/2009 08:51"", ""04/01/2009 10:07"", ""05/01/2009 12:27"", ""06/01/2009 15:23"", ~
$ cal_year                      [3m[38;5;246m<dbl>[39m[23m 2009, 2009, 2009, 2009, 2009, 2009, 2009, 2009, 2009, 2009, 2009, 2009, 2009, 2009, 2009, 2009, 2009~
$ fin_year                      [3m[38;5;246m<chr>[39m[23m ""2008/09"", ""2008/09"", ""2008/09"", ""2008/09"", ""2008/09"", ""2008/09"", ""2008/09"", ""2008/09"", ""2008/09"", ""~
$ type_of_incident              [3m[38;5;246m<chr>[39m[23m ""Special Service"", ""Special Service"", ""Special Service"", ""Special Service"", ""Special Service"", ""Spec~
$ pump_count                    [3m[38;5;246m<chr>[39m[23m ""1"", ""1"", ""1"", ""1"", ""1"", ""1"", ""1"", ""1"", ""1"", ""1"", ""1"", ""1"", ""1"", ""1"", ""1"", ""1"", ""1"", ""1"", ""1"", ""1"", ~
$ pump_hours_total              [3m[38;5;246m<chr>[39m[23m ""2"", ""1"", ""1"", ""1"", ""1"", ""1"", ""1"", ""1"", ""1"", ""1"", ""1"", ""2"", ""1"", ""1"", ""1"", ""1"", ""1"", ""1"", ""1"", ""1"", ~
$ hourly_notional_cost          [3m[38;5;246m<dbl>[39m[23m 255, 255, 255, 255, 255, 255, 255, 255, 255, 255, 255, 255, 255, 255, 255, 255, 255, 255, 255, 255, ~
$ incident_notional_cost        [3m[38;5;246m<chr>[39m[23m ""510"", ""255"", ""255"", ""255"", ""255"", ""255"", ""255"", ""255"", ""255"", ""255"", ""255"", ""510"", ""255"", ""255"", ""2~
$ final_description             [3m[38;5;246m<chr>[39m[23m ""Redacted"", ""Redacted"", ""Redacted"", ""Redacted"", ""Redacted"", ""Redacted"", ""Redacted"", ""Redacted"", ""Red~
$ animal_group_parent           [3m[38;5;246m<chr>[39m[23m ""Dog"", ""Fox"", ""Dog"", ""Horse"", ""Rabbit"", ""Unknown - Heavy Livestock Animal"", ""Dog"", ""Dog"", ""Squirrel""~
$ originof_call                 [3m[38;5;246m<chr>[39m[23m ""Person (land line)"", ""Person (land line)"", ""Person (mobile)"", ""Person (mobile)"", ""Person (mobile)"",~
$ property_type                 [3m[38;5;246m<chr>[39m[23m ""House - single occupancy"", ""Railings"", ""Pipe or drain"", ""Intensive Farming Sheds (chickens, pigs et~
$ property_category             [3m[38;5;246m<chr>[39m[23m ""Dwelling"", ""Outdoor Structure"", ""Outdoor Structure"", ""Non Residential"", ""Dwelling"", ""Dwelling"", ""Ou~
$ special_service_type_category [3m[38;5;246m<chr>[39m[23m ""Other animal assistance"", ""Other animal assistance"", ""Animal rescue from below ground"", ""Animal res~
$ special_service_type          [3m[38;5;246m<chr>[39m[23m ""Animal assistance involving livestock - Other action"", ""Animal assistance involving livestock - Oth~
$ ward_code                     [3m[38;5;246m<chr>[39m[23m ""E05011467"", ""E05000169"", ""E05000558"", ""E05000330"", ""E05000310"", ""E05000027"", ""E05000591"", ""E0500051~
$ ward                          [3m[38;5;246m<chr>[39m[23m ""Crystal Palace & Upper Norwood"", ""Woodside"", ""Carshalton Central"", ""Harefield"", ""Gooshays"", ""Alibon~
$ borough_code                  [3m[38;5;246m<chr>[39m[23m ""E09000008"", ""E09000008"", ""E09000029"", ""E09000017"", ""E09000016"", ""E09000002"", ""E09000031"", ""E0900002~
$ borough                       [3m[38;5;246m<chr>[39m[23m ""Croydon"", ""Croydon"", ""Sutton"", ""Hillingdon"", ""Havering"", ""Barking and Dagenham"", ""Waltham Forest"", ~
$ stn_ground_name               [3m[38;5;246m<chr>[39m[23m ""Norbury"", ""Woodside"", ""Wallington"", ""Ruislip"", ""Harold Hill"", ""Dagenham"", ""Leytonstone"", ""Leytonsto~
$ uprn                          [3m[38;5;246m<chr>[39m[23m ""NULL"", ""NULL"", ""NULL"", ""1.00021E+11"", ""NULL"", ""NULL"", ""NULL"", ""NULL"", ""NULL"", ""NULL"", ""1.0002E+11"",~
$ street                        [3m[38;5;246m<chr>[39m[23m ""Waddington Way"", ""Grasmere Road"", ""Mill Lane"", ""Park Lane"", ""Swindon Lane"", ""Rogers Road"", ""Hollowa~
$ usrn                          [3m[38;5;246m<chr>[39m[23m ""20500146"", ""NULL"", ""NULL"", ""21401484"", ""21300122"", ""19900321"", ""NULL"", ""NULL"", ""20501673"", ""NULL"", ~
$ postcode_district             [3m[38;5;246m<chr>[39m[23m ""SE19"", ""SE25"", ""SM5"", ""UB9"", ""RM3"", ""RM10"", ""E11"", ""E12"", ""CR0"", ""E5"", ""BR5"", ""SW11"", ""SE5"", ""RM10""~
$ easting_m                     [3m[38;5;246m<chr>[39m[23m ""NULL"", ""534785"", ""528041"", ""504689"", ""NULL"", ""NULL"", ""539013"", ""541327"", ""NULL"", ""535425"", ""546981""~
$ northing_m                    [3m[38;5;246m<chr>[39m[23m ""NULL"", ""167546"", ""164923"", ""190685"", ""NULL"", ""NULL"", ""186162"", ""186654"", ""NULL"", ""186743"", ""169297""~
$ easting_rounded               [3m[38;5;246m<dbl>[39m[23m 532350, 534750, 528050, 504650, 554650, 549350, 539050, 541350, 538750, 535450, 546950, 528650, 5324~
$ northing_rounded              [3m[38;5;246m<dbl>[39m[23m 170050, 167550, 164950, 190650, 192350, 184950, 186150, 186650, 163350, 186750, 169250, 177250, 1765~
$ latitude                      [3m[38;5;246m<chr>[39m[23m ""NULL"", ""51.39095371"", ""51.36894086"", ""51.60528344"", ""NULL"", ""NULL"", ""51.55722086"", ""51.56106688"", ""~
$ longitude                     [3m[38;5;246m<chr>[39m[23m ""NULL"", ""-0.064166887"", ""-0.161985191"", ""-0.489683853"", ""NULL"", ""NULL"", ""0.003880198"", ""0.037433776""~"
"1",""
"1","
"
