"0","animal_rescue %>% "
"0","  group_by(animal_group_parent) %>% "
"0","  "
"0","  #group_by and summarise will produce a new column with the count in each animal group"
"0","  summarise(count = n()) %>% "
"0","  "
"0","  # mutate adds a new column; here we calculate the percentage"
"0","  mutate(percent = round(100*count/sum(count),2)) %>% "
"0","  "
"0","  # arrange() sorts the data by percent. Since the default sorting is min to max and we would like to see it sorted"
"0","  # in descending order (max to min), we use arrange(desc()) "
"0","  arrange(desc(percent))"
